,Demand,Temperature,Humidity,WindSpeed,Month,IsWeekend,Hour_sin,Hour_cos,Dow_sin,Dow_cos
Demand,1.0,0.71089647016398,-0.22579016115646647,0.16669373030178822,0.08526299453481871,-0.07939314940486614,-0.22708571541855055,-0.19670670167664903,0.06674257049533529,-0.02968288829482932
Temperature,0.71089647016398,1.0,-0.6108284403310792,0.29938780559705547,0.10684072624405687,0.0010257083287299011,-0.2570549636454546,-0.34533414017075154,-0.00019708638454109758,0.0017951032592516368
Humidity,-0.22579016115646647,-0.6108284403310792,1.0,-0.3571718552007759,0.1558915886690885,-0.003276691610198978,0.3076086734975672,0.3584331012421292,0.0014714210267195828,-0.002379601393582449
WindSpeed,0.16669373030178822,0.29938780559705547,-0.3571718552007759,1.0,-0.15690622640681887,-0.005271404444790819,-0.08999868270417871,-0.20014830663123878,0.020648719940028336,0.006302531282184683
Month,0.08526299453481871,0.10684072624405687,0.1558915886690885,-0.15690622640681887,1.0,0.002998174363175627,-3.1428801340922944e-18,8.860983637969463e-18,-0.005015224537183557,-0.007185536230873864
IsWeekend,-0.07939314940486614,0.0010257083287299011,-0.003276691610198978,-0.005271404444790819,0.002998174363175627,1.0,-7.525244951124228e-19,-2.3763931424602817e-18,-0.7862316145935123,0.17803578186705682
Hour_sin,-0.22708571541855055,-0.2570549636454546,0.3076086734975672,-0.08999868270417871,-3.1428801340922944e-18,-7.525244951124228e-19,1.0,-2.5763387098205345e-17,-1.930684600670848e-18,-1.2959756944540443e-18
Hour_cos,-0.19670670167664903,-0.34533414017075154,0.3584331012421292,-0.20014830663123878,8.860983637969463e-18,-2.3763931424602817e-18,-2.5763387098205345e-17,1.0,-9.284166385739595e-20,9.287122240387287e-19
Dow_sin,0.06674257049533529,-0.00019708638454109758,0.0014714210267195828,0.020648719940028336,-0.005015224537183557,-0.7862316145935123,-1.930684600670848e-18,-9.284166385739595e-20,1.0,0.0003991671941239316
Dow_cos,-0.02968288829482932,0.0017951032592516368,-0.002379601393582449,0.006302531282184683,-0.007185536230873864,0.17803578186705682,-1.2959756944540443e-18,9.287122240387287e-19,0.0003991671941239316,1.0
